area,bedrooms,bathrooms,location,price
1710,3,2,CollgCr,208500
1262,3,2,Veenker,181500
1786,3,2,CollgCr,223500
1717,3,1,Crawfor,140000
2198,4,2,NoRidge,250000
1362,1,1,Mitchel,143000
1694,3,2,Somerst,307000
2090,3,2,NWAmes,200000
1774,2,2,OldTown,129900
1077,2,1,BrkSide,118000
1040,3,1,Sawyer,129500
2324,4,3,NridgHt,345000
912,2,1,Sawyer,144000
1494,3,2,CollgCr,279500
1253,2,1,NAmes,157000
854,2,1,BrkSide,132000
1004,2,1,NAmes,149000
1296,2,2,Sawyer,90000
1114,3,1,SawyerW,159000
1339,3,1,NAmes,139000
2376,4,3,NridgHt,325300
1108,3,1,IDOTRR,139400
1795,3,2,CollgCr,230000
1060,3,1,MeadowV,129900
1060,3,1,Sawyer,154000
1600,3,2,NridgHt,256300
900,3,1,NAmes,134800
1704,3,2,NridgHt,306000
1600,2,1,NAmes,207500
520,1,1,BrkSide,68500
1317,3,1,IDOTRR,40000
1228,3,1,Sawyer,149350
1234,3,2,CollgCr,179900
1700,4,1,NAmes,165500
1561,2,2,NridgHt,277500
2452,4,3,NridgHt,309000
1097,3,1,CollgCr,145000
1297,3,1,NAmes,153000
1057,3,1,NAmes,109000
1152,2,2,Edwards,82000
1324,3,2,NAmes,160000
1328,2,1,Timber,170000
884,2,1,SawyerW,144000
938,3,1,CollgCr,130250
1150,3,1,NAmes,141000
1752,2,2,NridgHt,319900
2149,1,1,Mitchel,239686
1656,3,2,Somerst,249700
1452,2,2,OldTown,113000
955,3,1,Sawyer,127000
1470,3,2,Gilbert,177000
1176,3,1,BrkSide,114500
816,2,1,IDOTRR,110000
1842,0,0,Veenker,385000
1360,3,1,NAmes,130000
1425,3,2,NAmes,180500
1739,3,2,Somerst,172500
1720,3,2,CollgCr,196500
2945,3,3,StoneBr,438780
780,2,1,CollgCr,124900
1158,3,1,SawyerW,158000
1111,3,1,IDOTRR,101000
1370,2,2,NridgHt,202500
1710,3,2,OldTown,140000
2034,3,2,CollgCr,219500
2473,4,2,NridgHt,317000
2207,3,2,NAmes,180000
1479,3,2,CollgCr,226000
747,2,1,OldTown,80000
2287,3,2,ClearCr,225000
2223,3,2,NAmes,244000
845,2,1,Mitchel,129500
1718,3,2,Gilbert,185000
1086,3,1,NAmes,144900
1605,3,2,OldTown,107400
988,2,1,MeadowV,91000
952,2,1,NAmes,135750
1285,2,1,BrkSide,127000
1768,4,2,Sawyer,136500
1230,2,1,OldTown,110000
2142,4,2,NAmes,193500
1337,2,2,Mitchel,153500
1563,3,2,Somerst,245000
1065,3,1,NAmes,126500
1474,3,2,Gilbert,168500
2417,4,2,NoRidge,260000
1560,3,2,Gilbert,174000
1224,2,2,Somerst,164500
1526,2,1,IDOTRR,85000
990,3,1,CollgCr,123600
1040,2,1,NAmes,109900
1235,2,1,NAmes,98600
964,2,1,Crawfor,163500
2291,4,2,OldTown,133900
1786,3,2,CollgCr,204750
1470,3,2,Gilbert,185000
1588,3,2,CollgCr,214000
960,3,1,Edwards,94750
835,2,1,Edwards,83000
1225,3,1,NAmes,128950
1610,3,2,NWAmes,205000
1732,3,2,SawyerW,178000
1535,4,2,SawyerW,118964
1226,3,2,CollgCr,198900
1818,4,1,IDOTRR,169500
1992,3,2,Somerst,250000
1047,2,1,OldTown,100000
789,2,1,OldTown,115000
1517,3,2,IDOTRR,115000
1844,3,2,NWAmes,190000
1855,4,2,Edwards,136900
1430,3,2,Gilbert,180000
2696,4,2,CollgCr,383970
2259,3,2,Crawfor,217000
2320,3,2,Crawfor,259500
1458,2,2,Somerst,176000
1092,3,1,Sawyer,139000
1125,2,1,Edwards,155000
3222,5,3,SawyerW,320000
1456,3,2,CollgCr,163990
988,1,1,ClearCr,180000
1123,3,1,IDOTRR,100000
1080,3,1,NAmes,136000
1199,2,2,SawyerW,153900
1586,3,2,NWAmes,181000
754,2,1,IDOTRR,84500
958,2,2,NPkVill,128000
840,3,1,OldTown,87000
1348,3,1,NAmes,155000
1053,3,1,NAmes,150000
2157,4,2,NAmes,226000
2054,3,2,Gilbert,244000
1327,3,1,NAmes,150750
1296,2,2,Timber,220000
1721,3,2,Sawyer,180000
1682,3,2,NWAmes,174000
1214,3,2,NAmes,143000
1959,5,3,Mitchel,171000
1852,3,2,CollgCr,230000
1764,3,2,CollgCr,231500
864,3,1,NAmes,115000
1734,3,2,CollgCr,260000
1385,4,2,NAmes,166000
1501,3,2,CollgCr,204000
1728,6,2,Sawyer,125000
1709,3,2,Edwards,130000
875,2,1,BrkSide,105000
2035,3,2,Gilbert,222500
1080,3,1,SawyerW,141000
1344,3,1,BrkSide,115000
969,3,1,CollgCr,122000
1710,2,2,NridgHt,372402
1993,4,2,NWAmes,190000
1252,1,1,ClearCr,235000
1200,4,1,OldTown,125000
1096,2,1,Edwards,79000
1040,2,1,NAmes,109500
1968,4,2,Timber,269500
1947,3,2,Somerst,254900
2462,4,2,Gilbert,320000
1232,3,2,Veenker,162500
2668,3,2,NridgHt,412500
1541,3,2,NridgHt,220000
882,1,1,OldTown,103200
1616,3,2,OldTown,152000
1355,4,2,Edwards,127500
1867,2,1,ClearCr,190000
2161,3,1,NridgHt,325624
1720,3,2,Gilbert,183500
1707,2,2,Timber,228000
1382,2,1,OldTown,128500
1656,3,1,NAmes,215000
1767,2,2,StoneBr,239000
1362,3,1,NAmes,163000
1651,3,2,Timber,184000
2158,4,2,Edwards,243000
2060,4,2,ClearCr,211000
1920,4,2,Sawyer,172500
2234,1,2,StoneBr,501837
968,2,1,OldTown,100000
1525,3,2,Somerst,177000
1802,4,1,Crawfor,200100
1340,3,1,Edwards,120000
2082,3,2,OldTown,200000
1252,3,1,BrkSide,127000
3608,4,2,OldTown,475000
1217,3,2,Mitchel,173000
1656,3,2,OldTown,135000
1224,2,0,SawyerW,153337
1593,0,1,StoneBr,286000
2727,3,2,Crawfor,315000
1479,4,1,NAmes,184000
1431,3,2,CollgCr,192000
1709,3,2,Edwards,130000
864,3,1,CollgCr,127000
1456,3,2,NPkVill,148500
1726,3,2,Somerst,311872
3112,4,2,NAmes,235000
2229,5,1,OldTown,104000
1713,3,2,NridgHt,274900
1121,2,2,Edwards,140000
1279,3,2,Mitchel,171500
1310,2,2,OldTown,112000
848,1,1,CollgCr,149000
1284,2,1,OldTown,110000
1442,3,2,Gilbert,180500
1696,3,1,Sawyer,143900
1100,3,1,NAmes,141000
2062,3,2,SawyerW,277000
1092,3,1,NAmes,145000
864,2,1,Edwards,98000
1212,3,2,Edwards,186000
1852,3,2,Somerst,252678
990,3,1,CollgCr,156000
1392,3,1,CollgCr,161750
1236,2,1,NAmes,134450
1436,3,2,CollgCr,210000
1328,3,1,OldTown,107000
1954,3,1,Crawfor,311500
1248,2,2,Blmngtn,167240
1498,2,2,CollgCr,204900
2267,4,2,Gilbert,200000
1552,3,2,NWAmes,179900
864,2,1,NAmes,97000
2392,3,2,NridgHt,386250
1302,3,2,BrDale,112000
2520,4,2,NoRidge,290000
987,2,1,BrDale,106000
912,3,1,Sawyer,125000
1555,2,2,Blmngtn,192500
1194,3,1,NAmes,148000
2794,4,2,NoRidge,403000
987,2,1,BrDale,94500
894,3,1,CollgCr,128200
1960,4,2,Gilbert,216500
987,2,1,BrDale,89500
1414,3,2,CollgCr,185500
1744,3,2,SawyerW,194500
1694,3,2,NridgHt,318000
1487,3,1,Edwards,113000
1566,3,2,Somerst,262500
866,2,1,OldTown,110500
1440,3,1,OldTown,79000
1217,3,1,SawyerW,120000
2110,3,2,SawyerW,205000
1872,3,2,NWAmes,241500
1928,4,2,OldTown,137000
1375,2,1,NAmes,140000
1668,3,2,CollgCr,180000
2144,4,2,ClearCr,277000
1306,3,1,BrkSide,76500
1625,2,2,Crawfor,235000
1640,3,2,SawyerW,173000
1302,3,2,NAmes,158000
1314,3,1,NAmes,145000
2291,4,2,Gilbert,230000
1728,3,2,Somerst,207500
1604,3,2,CollgCr,220000
1792,3,2,CollgCr,231500
882,2,1,OldTown,97000
1382,3,1,NAmes,176000
2574,3,2,CollgCr,276000
1212,3,1,Sawyer,151000
1316,3,1,OldTown,130000
764,2,1,OldTown,73000
1422,3,2,NWAmes,175500
1511,3,2,Gilbert,185000
2192,4,2,SWISU,179500
778,2,1,IDOTRR,120500
1113,3,1,Edwards,148000
1939,3,2,Somerst,266000
1363,2,1,ClearCr,241500
2270,4,2,NoRidge,290000
1632,3,2,NAmes,139000
816,2,1,Mitchel,124500
1548,3,2,BrkSide,205000
1560,3,2,Mitchel,201000
864,2,1,Gilbert,141000
2121,3,2,NridgHt,415298
2022,4,2,ClearCr,192000
1982,3,2,SawyerW,228500
1262,2,2,Somerst,185000
1314,2,2,NridgHt,207500
1468,3,2,Somerst,244600
1575,2,2,SawyerW,179200
1250,2,2,Somerst,164700
1734,3,1,NAmes,159000
858,3,1,NAmes,88000
900,3,1,Sawyer,122000
1396,3,1,BrkSide,153575
1919,3,2,CollgCr,233230
1716,6,2,SWISU,135900
1716,3,1,Edwards,131000
2263,3,2,NWAmes,235000
1644,3,1,NAmes,167000
1003,3,1,Mitchel,142500
1558,4,1,IDOTRR,152000
1950,3,2,Somerst,239000
1743,3,1,NWAmes,175000
1152,3,1,Crawfor,158500
1336,2,1,Crawfor,157000
2452,4,2,CollgCr,267000
1541,3,2,CollgCr,205000
894,3,1,CollgCr,149900
3493,3,3,OldTown,295000
2000,3,2,CollgCr,305900
2243,4,2,SawyerW,225000
1406,3,1,IDOTRR,89500
861,1,1,Edwards,82500
1944,3,2,NridgHt,360000
1501,3,2,Gilbert,165600
972,2,1,NAmes,132000
1118,3,1,OldTown,119900
2036,3,2,Timber,375000
1641,3,1,OldTown,178000
1432,3,2,Gilbert,188500
2353,4,2,NWAmes,260000
1959,3,2,Somerst,270000
2646,4,2,NoRidge,260000
1472,3,2,NWAmes,187500
2596,4,3,NridgHt,342643
2468,4,2,NridgHt,354000
2730,4,2,SawyerW,301000
1163,3,1,OldTown,126175
2978,5,2,NAmes,242000
803,2,1,IDOTRR,87000
1719,1,1,Veenker,324000
1383,3,1,NAmes,145250
2134,5,2,BrkSide,214500
1192,3,1,IDOTRR,78000
1728,6,2,NAmes,119000
1056,3,1,NAmes,139000
1629,3,2,NridgHt,284000
1358,2,2,NridgHt,207000
1638,3,2,Gilbert,192000
1786,3,2,Timber,228950
1922,3,2,StoneBr,377426
1536,3,2,CollgCr,214000
1621,3,2,NWAmes,202500
1215,3,1,NAmes,155000
1908,4,2,Timber,202900
841,2,1,SawyerW,82000
1040,2,2,NAmes,87500
1684,2,2,NridgHt,266000
1112,3,1,MeadowV,85000
1577,3,1,BrkSide,140200
958,2,1,NAmes,151500
1478,3,2,NAmes,157500
1626,2,2,NridgHt,154000
2728,4,2,NridgHt,437154
1869,2,2,NridgHt,318061
1453,2,1,ClearCr,190000
1111,3,1,Edwards,95000
720,2,1,OldTown,105900
1595,2,1,SWISU,140000
1200,3,2,CollgCr,177500
1167,3,2,Gilbert,173000
1142,3,1,MeadowV,134000
1352,3,1,ClearCr,130000
1924,3,2,NoRidge,280000
912,2,1,Mitchel,156000
1505,3,1,BrkSide,145000
1922,4,3,Edwards,198500
987,2,1,BrDale,118000
1574,3,2,NWAmes,190000
1344,3,1,IDOTRR,147000
1394,3,1,NAmes,159000
1431,3,1,NAmes,165000
1268,2,1,NAmes,132000
1287,3,1,NAmes,162000
1664,3,2,Gilbert,172400
1588,4,2,ClearCr,134432
752,2,1,SawyerW,125000
1319,3,1,NAmes,123000
1928,4,2,CollgCr,219500
904,1,0,Edwards,61000
914,2,1,CollgCr,148000
2466,4,3,Somerst,340000
1856,1,1,StoneBr,394432
1800,3,2,Gilbert,179000
1691,3,2,SWISU,127000
1301,2,2,Somerst,187750
1797,3,2,CollgCr,213500
784,2,1,SawyerW,76000
1953,3,2,ClearCr,240000
1269,2,2,Blmngtn,192000
1184,5,1,Edwards,81000
1125,3,1,Edwards,125000
1479,3,2,CollgCr,191000
2332,3,2,NridgHt,426000
1367,4,1,Edwards,119000
1961,3,2,Mitchel,215000
882,3,1,NAmes,106500
788,2,1,BrkSide,100000
1034,2,1,OldTown,109000
1144,3,1,Edwards,129000
894,2,1,CollgCr,123000
1812,4,2,NAmes,169500
1077,2,1,IDOTRR,67000
1550,2,2,Somerst,241000
1288,1,1,Veenker,245500
1310,3,2,CollgCr,164990
672,2,1,Sawyer,108000
2263,4,2,NoRidge,258000
1572,3,2,Gilbert,168000
1620,3,2,Sawyer,150000
1639,3,1,SWISU,115000
1680,4,2,Crawfor,177000
2172,3,2,NridgHt,280000
2078,3,2,Somerst,339750
1276,3,1,Edwards,60000
1056,3,1,Gilbert,145000
1478,2,2,Somerst,222000
1028,2,1,OldTown,115000
2097,3,2,SawyerW,228000
1340,3,2,Gilbert,181134
1400,3,1,Sawyer,149500
2624,4,2,Crawfor,239000
1134,3,1,Edwards,126000
1056,3,1,NAmes,142000
1344,2,2,Mitchel,206300
1602,3,2,NWAmes,215000
988,2,1,Mitchel,113000
2630,4,2,NoRidge,315000
1196,2,1,NAmes,139000
1389,3,1,OldTown,135000
1644,2,2,SawyerW,275000
907,3,1,NAmes,109008
1208,2,2,CollgCr,195400
1412,3,2,Timber,175000
987,2,1,BrDale,85400
1198,4,1,OldTown,79900
1365,2,1,BrDale,122500
1604,3,2,Gilbert,181000
630,1,1,MeadowV,81000
1661,3,2,CollgCr,212000
1118,2,1,OldTown,116000
904,2,1,BrkSide,119000
694,2,1,Crawfor,90350
1196,3,1,Edwards,110000
2402,2,2,NridgHt,555000
1440,4,2,Edwards,118000
1573,3,2,BrkSide,162900
1258,2,2,Blmngtn,172500
1908,4,2,CollgCr,210000
1689,3,1,Edwards,127500
1888,2,2,NAmes,190000
1886,4,2,Gilbert,199900
1376,3,2,IDOTRR,119500
1183,2,1,OldTown,120000
813,2,1,OldTown,110000
1533,2,2,ClearCr,280000
1756,3,2,Timber,204000
1590,3,2,Somerst,210000
1728,4,2,Mitchel,188000
1242,3,1,NWAmes,175500
1344,4,1,OldTown,98000
1663,2,1,ClearCr,256000
1666,3,1,OldTown,161000
1203,3,1,BrkSide,110000
1935,3,2,Somerst,263435
1135,3,1,SWISU,155000
864,3,1,Sawyer,62383
1660,3,1,Crawfor,188700
1040,3,2,CollgCr,124000
1414,2,2,Blmngtn,178740
1277,2,1,NAmes,167000
1644,3,1,NAmes,146500
1634,3,2,NridgHt,250000
1710,3,2,SawyerW,187000
1502,1,1,StoneBr,212000
1969,3,2,NWAmes,190000
1072,2,1,Edwards,148000
1976,2,2,NridgHt,440000
1652,2,2,StoneBr,251000
970,2,1,Sawyer,132500
1493,3,2,CollgCr,208900
2643,3,2,NridgHt,380000
1718,3,2,CollgCr,297000
1131,2,1,OldTown,89471
1850,3,2,NridgHt,326000
1792,2,2,NridgHt,374000
1826,4,1,OldTown,155000
1216,2,2,Mitchel,164000
999,3,1,Sawyer,132500
1113,3,1,NAmes,147000
1073,3,1,NAmes,156000
1484,3,2,NWAmes,175000
2414,3,2,OldTown,160000
630,1,1,MeadowV,86000
1304,3,1,MeadowV,115000
1578,3,1,NAmes,133000
1456,3,2,Gilbert,172785
1269,3,1,NAmes,155000
886,2,1,OldTown,91300
720,2,1,IDOTRR,34900
3228,4,3,NoRidge,430000
1820,4,2,BrkSide,184000
899,3,1,Sawyer,130000
912,2,1,NAmes,120000
1218,3,1,BrDale,113000
1768,3,2,Somerst,226700
1214,2,1,Edwards,140000
1801,1,2,Crawfor,289000
1322,3,2,NPkVill,147000
1960,4,2,OldTown,124500
1911,3,2,SawyerW,215000
1218,2,2,Somerst,208300
1378,3,2,OldTown,161000
1041,3,1,NAmes,124500
1363,2,1,NAmes,164900
1368,2,2,NridgHt,202665
864,3,1,NAmes,129900
1080,3,1,Mitchel,134000
789,2,1,Crawfor,96500
2020,3,2,NridgHt,402861
2119,3,2,NWAmes,158000
2344,3,2,NoRidge,265000
1796,3,2,CollgCr,211000
2080,3,1,Crawfor,234000
1294,3,2,OldTown,106250
1244,3,1,NAmes,150000
1664,3,2,BrkSide,159000
4676,3,3,Edwards,184750
2398,3,2,NoRidge,315750
1266,3,2,Somerst,176000
928,2,1,NAmes,132000
2713,3,2,NridgHt,446261
605,2,1,Edwards,86000
2515,4,3,Crawfor,200624
1509,3,2,Timber,175000
1362,3,2,BrkSide,128000
827,2,1,NAmes,107500
334,1,1,BrkSide,39300
1414,3,2,Gilbert,178000
1347,3,1,Edwards,107500
1724,3,2,CollgCr,188000
864,3,1,NAmes,111250
1159,3,1,Sawyer,158000
1601,3,2,CollgCr,272000
1838,2,2,Timber,315000
2285,4,2,NoRidge,248000
1680,3,2,NWAmes,213250
767,1,1,NAmes,133000
1496,3,2,Gilbert,179665
2183,4,2,NWAmes,229000
1635,3,1,BrkSide,210000
768,2,1,Mitchel,129500
825,2,1,OldTown,125000
2094,4,2,Somerst,263000
1069,2,2,NPkVill,140000
928,3,1,OldTown,112500
1717,3,2,NridgHt,255500
1126,2,2,Edwards,108000
2046,3,2,NridgHt,284000
1048,2,1,BrkSide,113000
1092,2,1,NAmes,141000
1336,3,1,IDOTRR,108000
1446,3,2,Gilbert,175000
1557,2,2,Blmngtn,234000
1392,3,1,Sawyer,121500
1389,2,1,Mitchel,170000
996,3,1,Edwards,108000
1674,4,2,Edwards,185000
2295,4,2,NoRidge,268000
1647,4,1,SWISU,128000
2504,4,2,StoneBr,325000
1535,3,2,NridgHt,214000
2132,1,1,SawyerW,316600
943,2,1,NAmes,135960
1728,6,2,NAmes,142600
864,2,1,NAmes,120000
1692,3,2,Timber,224500
1430,3,2,Gilbert,170000
1109,3,1,NAmes,139000
1216,2,1,NAmes,118500
1477,3,2,SWISU,145000
1320,3,1,Sawyer,164500
1392,2,2,Somerst,146000
1795,4,2,OldTown,131500
1429,3,1,NAmes,181900
2042,3,2,NridgHt,253293
816,3,1,Edwards,118500
2775,3,3,OldTown,325000
1573,3,1,BrkSide,133000
2028,2,2,Timber,369900
838,2,1,BrkSide,130000
860,2,1,Sawyer,137000
1473,1,1,ClearCr,143000
935,2,1,BrkSide,79500
1582,3,2,CollgCr,185900
2296,3,2,NridgHt,451950
816,2,1,Mitchel,138000
848,1,1,CollgCr,140000
924,3,1,CollgCr,110000
1826,3,2,StoneBr,319000
1368,3,1,OldTown,114504
1402,2,0,Blmngtn,194201
1647,3,2,Crawfor,217500
1556,3,2,Blueste,151000
1904,3,2,NridgHt,275000
1375,3,1,IDOTRR,141000
1915,3,2,SawyerW,220000
1200,2,2,Somerst,151000
1494,3,2,CollgCr,221000
1986,3,2,NAmes,205000
1040,3,1,CollgCr,152000
2008,3,3,Edwards,225000
3194,4,2,Crawfor,359100
1029,3,1,Sawyer,118500
2153,3,2,CollgCr,313000
1032,3,2,NWAmes,148000
1872,3,2,CollgCr,261500
1120,3,1,Mitchel,147000
630,1,1,MeadowV,75500
1054,3,1,NAmes,137500
1509,3,2,Gilbert,183200
832,2,1,NAmes,105500
1828,3,2,NridgHt,314813
2262,4,2,Timber,305000
864,2,1,Edwards,67000
2614,4,2,NWAmes,240000
980,3,1,Sawyer,135000
1512,2,2,Somerst,168500
1790,4,1,NWAmes,165150
1116,3,1,NAmes,160000
1422,3,1,NAmes,139900
1520,3,1,NAmes,153000
2080,5,1,NAmes,135000
1350,3,1,NAmes,168500
1750,3,1,OldTown,124000
1554,2,2,NridgHt,209500
1411,3,2,NWAmes,82500
1056,3,1,NAmes,139400
1056,0,0,OldTown,144000
3395,8,2,SWISU,200000
800,1,1,BrkSide,60000
1387,3,2,OldTown,93000
796,2,1,Edwards,85000
1567,1,2,Blmngtn,264561
1518,1,1,NridgHt,274000
1929,3,2,Somerst,226000
2704,4,2,NAmes,345000
1620,4,2,NWAmes,152000
1766,2,2,Somerst,370878
981,3,1,NAmes,143250
1048,3,1,NAmes,98300
1094,3,1,Edwards,155000
1839,4,1,NAmes,155000
630,1,1,MeadowV,84500
1665,3,2,Somerst,205950
1510,4,1,Edwards,108000
1716,2,2,CollgCr,191000
1469,3,1,IDOTRR,135000
2113,2,2,NoRidge,350000
1092,3,1,BrDale,88000
1053,3,1,NAmes,145500
1502,3,1,Crawfor,149000
1458,3,1,NAmes,97500
1486,3,1,Edwards,167000
1935,3,2,NWAmes,197900
2448,4,2,NoRidge,402000
1392,2,1,NAmes,110000
1181,3,2,Edwards,137500
2097,1,1,Somerst,423000
1936,3,2,Gilbert,230500
2380,3,2,NAmes,129000
1679,3,2,SawyerW,193500
1437,3,1,Sawyer,168000
1180,2,1,Crawfor,137500
1476,3,2,CollgCr,173500
1369,3,2,Edwards,103600
1208,3,1,Veenker,165000
1839,3,2,Crawfor,257500
1136,3,1,NAmes,140000
1441,3,2,NPkVill,148500
1774,4,2,OldTown,87000
792,2,1,OldTown,109500
2046,3,2,StoneBr,372500
988,3,1,Sawyer,128500
923,2,2,SawyerW,143000
1520,3,1,SWISU,159434
1291,2,1,ClearCr,173000
1668,3,2,CollgCr,285000
1839,4,2,NoRidge,221000
2090,3,2,StoneBr,207500
1761,3,3,Somerst,227875
1102,2,2,Somerst,148800
1419,2,2,StoneBr,392000
1362,2,2,NridgHt,194700
848,1,1,CollgCr,141000
4316,4,3,NoRidge,755000
2519,4,2,Timber,335000
1073,2,1,OldTown,108480
1539,3,1,BrkSide,141500
1137,2,2,Timber,176000
616,2,1,BrkSide,89000
1148,2,1,Edwards,123500
894,3,1,Sawyer,138500
1391,2,2,Somerst,196000
1800,3,2,Timber,312500
1164,3,1,NWAmes,140000
2576,4,2,StoneBr,361919
1812,4,2,OldTown,140000
1484,3,2,CollgCr,213000
1092,3,2,IDOTRR,55000
1824,2,2,ClearCr,302000
1324,2,2,NridgHt,254000
1456,3,2,Gilbert,179540
904,3,1,Sawyer,109900
729,2,1,BrkSide,52000
1178,2,1,IDOTRR,102776
1228,2,2,StoneBr,189000
960,3,1,BrkSide,129000
1479,3,2,Sawyer,130500
1350,3,2,NWAmes,165000
2554,3,1,OldTown,159500
1178,3,1,NWAmes,157000
2418,3,2,NoRidge,341000
971,3,1,CollgCr,128500
1742,2,2,StoneBr,275000
848,1,1,CollgCr,143000
864,3,1,NAmes,124500
1470,4,2,Edwards,135000
1698,3,2,Edwards,320000
864,3,1,NAmes,120500
1680,3,2,Crawfor,222000
1232,2,2,CollgCr,194500
1776,4,2,NAmes,110000
1208,2,1,IDOTRR,103000
1616,2,2,StoneBr,236500
1146,3,2,Timber,187500
2031,3,2,CollgCr,222500
1144,3,1,Sawyer,131400
948,3,1,Sawyer,108000
1768,2,1,OldTown,163000
1040,2,2,NAmes,93500
1801,3,2,Gilbert,239900
1200,3,3,Edwards,179000
1728,3,2,CollgCr,190000
1432,2,2,OldTown,132000
912,3,1,Sawyer,142000
1349,3,2,SawyerW,179000
1464,3,2,Sawyer,175000
1337,2,2,StoneBr,180000
2715,4,3,NWAmes,299800
2256,4,2,Gilbert,236000
2640,4,1,OldTown,265979
1720,3,2,NoRidge,260400
1529,4,2,Edwards,98000
1140,3,1,OldTown,96500
1320,3,2,Gilbert,162000
1494,3,2,CollgCr,217000
2098,3,2,NridgHt,275500
1026,3,1,NAmes,156000
1471,3,2,Somerst,172500
1768,3,2,CollgCr,212000
1386,3,2,Sawyer,158900
1501,3,2,Somerst,179400
2531,4,2,NoRidge,290000
864,2,1,NAmes,127500
1301,2,1,BrkSide,100000
1547,3,2,Somerst,215200
2365,3,2,NoRidge,337000
1494,2,1,Veenker,270000
1506,2,2,Somerst,264132
1714,3,2,NWAmes,196500
1750,4,2,Mitchel,160000
1836,3,2,CollgCr,216837
3279,4,3,StoneBr,538000
858,2,1,Sawyer,134900
1220,2,1,Edwards,102000
1117,3,1,Edwards,107000
912,2,1,NAmes,114500
1973,3,2,NridgHt,395000
1204,2,2,Mitchel,162000
1614,3,2,CollgCr,221500
894,3,1,Sawyer,142500
2020,4,2,SawyerW,144000
1004,2,1,Mitchel,135000
1253,3,2,Gilbert,176000
1603,3,2,SawyerW,175900
1430,3,2,CollgCr,187100
1110,1,1,Mitchel,165500
1484,3,2,OldTown,128000
1342,3,2,NWAmes,161500
1652,4,2,OldTown,139000
2084,4,2,SawyerW,233000
901,2,1,OldTown,107900
2087,5,2,ClearCr,187500
1145,2,2,Blmngtn,160200
1062,3,1,Mitchel,146800
2013,3,2,NoRidge,269790
1496,3,2,Somerst,225000
1895,3,2,Gilbert,194500
1564,3,2,SawyerW,171000
1285,3,1,Sawyer,143500
773,2,1,NAmes,110000
3140,4,3,NridgHt,485000
1768,3,1,SWISU,175000
1688,4,2,ClearCr,200000
1196,2,1,IDOTRR,109900
1456,3,2,CollgCr,189000
2822,4,3,NridgHt,582933
1128,2,1,NAmes,118000
1428,3,2,Somerst,227680
980,3,2,NAmes,135500
1576,3,1,BrkSide,223500
1086,3,1,NAmes,159950
2138,2,2,OldTown,106000
1309,3,1,NWAmes,181000
848,1,1,CollgCr,144500
1044,2,1,IDOTRR,55993
1442,4,1,NAmes,157900
1250,3,1,Edwards,116000
1661,3,2,CollgCr,224900
1008,2,1,NAmes,137000
1689,3,2,Mitchel,271000
1052,3,1,ClearCr,155000
1358,2,2,NridgHt,224000
1640,3,2,CollgCr,183000
936,2,1,OldTown,93000
1733,3,2,Gilbert,225000
1489,3,2,SWISU,139500
1489,3,2,Somerst,232600
2084,2,2,NridgHt,385000
784,2,1,BrkSide,109500
1434,3,2,SawyerW,189000
2126,3,2,ClearCr,185000
1223,2,2,Somerst,147400
1392,3,1,NAmes,166000
1200,2,2,Somerst,151000
1829,3,2,CollgCr,237000
1516,3,1,NAmes,167000
1144,3,1,NAmes,139950
1067,2,2,Sawyer,128000
1559,2,1,OldTown,153500
987,2,1,BrDale,100000
1099,3,1,CollgCr,144000
1200,3,1,Edwards,130500
1482,4,2,SWISU,140000
1539,3,2,OldTown,157500
1165,3,1,NAmes,174900
1800,6,2,NAmes,141000
1416,4,1,OldTown,153900
1701,3,2,Sawyer,171000
1775,3,2,SawyerW,213000
864,3,1,CollgCr,133500
2358,5,3,ClearCr,240000
1855,3,2,Veenker,187000
848,1,1,CollgCr,131500
1456,2,2,Blmngtn,215000
1646,4,2,Crawfor,164000
1445,3,1,NAmes,158000
1779,3,1,Sawyer,170000
1040,3,1,Sawyer,127000
1026,3,1,CollgCr,147000
1481,3,2,Gilbert,174000
1370,3,2,NWAmes,152000
2654,4,2,NWAmes,250000
1426,3,1,Crawfor,189950
1039,3,1,Sawyer,131500
1097,3,2,SawyerW,152000
1148,3,1,NAmes,132500
1372,3,2,Somerst,250580
1002,3,1,NAmes,148500
1646,3,2,Timber,248900
1120,3,1,Sawyer,129000
2320,2,2,Gilbert,169000
1949,3,2,SawyerW,236000
894,2,1,NAmes,109500
1682,3,2,CollgCr,200500
910,3,1,NAmes,116000
1268,3,1,NAmes,133000
1131,3,1,OldTown,66500
2610,4,2,Somerst,303477
1040,3,1,Mitchel,132250
2224,4,2,NridgHt,350000
1155,3,1,Sawyer,148000
864,3,1,CollgCr,136500
1090,2,1,Edwards,157000
1717,3,2,Timber,187500
1593,3,2,Gilbert,178000
2230,5,1,SWISU,118500
892,3,1,NAmes,100000
1709,2,2,Somerst,328900
1712,4,2,NAmes,145000
1393,3,1,Edwards,135500
2217,4,2,NAmes,268000
1505,2,1,NAmes,149500
924,3,1,NAmes,122900
1683,3,2,Sawyer,172500
1068,3,1,Sawyer,154500
1383,3,1,Sawyer,165000
1535,4,2,SawyerW,118858
1796,4,1,NAmes,140000
951,2,1,IDOTRR,106500
2240,6,2,SawyerW,142953
2364,2,2,NridgHt,611657
1236,3,1,Sawyer,135000
858,2,1,NAmes,110000
1306,2,1,NAmes,153000
1509,3,2,Gilbert,180000
1670,3,2,Gilbert,240000
902,3,1,Sawyer,125500
1063,3,1,NAmes,128000
1636,3,2,Somerst,255000
2057,3,1,Crawfor,250000
902,2,1,Mitchel,131000
1484,3,2,Gilbert,174000
2274,5,2,NAmes,154300
1268,3,1,CollgCr,143500
1015,3,1,BrkSide,88000
2002,4,2,Crawfor,145000
1224,2,2,Somerst,173733
1092,3,1,MeadowV,75000
480,1,0,IDOTRR,35311
1229,3,1,Edwards,135000
2127,4,2,SawyerW,238000
1414,3,1,NAmes,176500
1721,3,2,SawyerW,201000
2200,4,2,Edwards,145900
1316,3,2,Gilbert,169990
1617,2,2,SawyerW,193000
1686,3,2,NWAmes,207500
1126,3,2,NWAmes,175000
2374,4,2,NridgHt,285000
1978,4,2,NWAmes,176000
1788,3,2,CollgCr,236500
2236,4,2,Gilbert,222000
1466,3,2,Timber,201000
925,2,1,NAmes,117500
1905,3,2,Somerst,320000
1500,3,2,CollgCr,190000
2069,4,2,NAmes,242000
747,1,1,BrkSide,79900
1200,2,2,SawyerW,184900
1971,3,2,Somerst,253000
1962,3,2,CollgCr,239799
2403,4,2,ClearCr,244400
1728,4,2,Mitchel,150900
2060,3,2,Gilbert,214000
1440,4,2,Edwards,150000
1632,4,2,Mitchel,143000
1344,3,1,Timber,137500
1869,2,1,OldTown,124900
1144,3,1,NAmes,143000
1629,3,2,Timber,270000
1776,3,2,CollgCr,192500
1381,3,1,NWAmes,197500
864,3,1,NAmes,129000
965,3,1,SawyerW,119900
768,2,1,CollgCr,133900
1968,4,2,Mitchel,172000
980,4,2,Edwards,127500
1958,4,2,Crawfor,145000
1229,2,1,Blueste,124000
1057,3,1,Sawyer,132000
1337,3,2,CollgCr,185000
1416,3,2,Somerst,155000
858,2,1,BrkSide,116500
2872,4,2,NWAmes,272000
1548,3,2,NPkVill,155000
1800,2,2,CollgCr,239000
1894,4,2,Timber,214900
1484,3,2,Gilbert,178900
1308,2,1,Crawfor,160000
1098,3,1,NAmes,135000
968,2,1,OldTown,37900
1095,2,1,NAmes,140000
1192,4,1,NAmes,135000
1626,2,2,NridgHt,173000
918,2,2,SawyerW,99500
1428,3,2,Somerst,182000
2019,3,1,BrkSide,167500
1382,3,2,Somerst,165000
869,2,1,BrkSide,85500
1241,1,1,Somerst,199900
894,3,1,Edwards,110000
1121,3,1,Sawyer,139000
999,3,1,NAmes,178400
2612,4,2,NoRidge,336000
1266,2,2,Blmngtn,159895
2290,4,2,CollgCr,255900
1734,4,2,Mitchel,126000
1164,3,1,Edwards,125000
1635,2,1,OldTown,117000
1940,3,2,NridgHt,395192
2030,4,2,NWAmes,195000
1576,3,2,Somerst,197000
2392,3,2,NoRidge,348000
1742,4,1,OldTown,168000
1851,3,2,NAmes,187000
1500,3,2,CollgCr,173900
1718,3,2,NridgHt,337500
1230,3,1,BrkSide,121600
1050,3,1,NAmes,136500
1442,2,2,NWAmes,185000
1077,3,1,IDOTRR,91000
1208,2,2,CollgCr,206000
944,2,1,Edwards,82000
691,2,1,OldTown,86000
1574,3,2,Somerst,232000
1680,4,2,NWAmes,136905
1504,1,2,Blmngtn,181000
985,3,2,CollgCr,149900
1657,3,2,NAmes,163500
1092,3,1,MeadowV,88000
1710,3,2,Mitchel,240000
1522,4,2,SWISU,102000
1271,4,2,Sawyer,135000
1664,4,2,Edwards,100000
1502,3,1,Crawfor,165000
1022,2,1,OldTown,85000
1082,2,1,NAmes,119200
1665,3,2,NWAmes,227000
1504,3,2,CollgCr,203000
1360,1,1,StoneBr,187500
1472,3,2,Gilbert,160000
1506,2,2,Blmngtn,213490
1132,2,1,Edwards,176000
1220,2,2,CollgCr,194000
1248,2,1,OldTown,87000
1504,2,2,Blmngtn,191000
2898,2,2,Timber,287000
882,3,1,CollgCr,112500
1264,3,1,NAmes,167500
1646,3,2,Timber,293077
1376,3,1,NAmes,105000
1218,3,1,BrDale,118000
1928,5,2,SWISU,160000
3082,5,2,SWISU,197000
2520,5,2,NoRidge,310000
1654,3,2,CollgCr,230000
954,2,1,Crawfor,119750
845,3,1,Edwards,84000
1620,2,2,Timber,315500
2263,3,2,CollgCr,287000
1344,3,1,MeadowV,97000
630,1,1,MeadowV,80000
1803,3,2,Sawyer,155000
1632,4,1,NWAmes,173000
1306,1,2,NridgHt,196000
2329,4,2,SawyerW,262280
2524,4,2,NWAmes,278000
1733,4,2,Edwards,139600
2868,4,3,StoneBr,556581
990,3,1,CollgCr,145000
1771,3,1,Mitchel,115000
930,2,1,Edwards,84900
1302,3,2,Gilbert,176485
1316,3,2,CollgCr,200141
1977,4,1,NAmes,165000
1526,4,1,Edwards,144500
1989,3,2,CollgCr,255000
1523,3,2,NWAmes,180000
1364,2,2,NridgHt,185850
1850,3,2,NoRidge,248000
2184,3,2,NridgHt,335000
1991,3,1,Crawfor,220000
1338,2,2,StoneBr,213500
894,2,1,IDOTRR,81000
2337,5,2,OldTown,90000
1103,2,1,OldTown,110500
1154,3,1,NAmes,154000
2260,3,2,ClearCr,328000
1571,3,2,Gilbert,178000
1611,4,1,NAmes,167900
2521,5,2,MeadowV,151400
893,2,1,NAmes,135000
1048,3,1,NAmes,135000
1556,4,1,NWAmes,154000
1456,4,1,Edwards,91500
1426,3,1,Edwards,159500
1240,2,2,CollgCr,194000
1740,3,1,Crawfor,219500
1466,3,2,OldTown,170000
1096,3,1,NAmes,138800
848,1,1,CollgCr,155900
990,3,1,CollgCr,126000
1258,3,2,NWAmes,145000
1040,3,1,Sawyer,133000
1459,3,2,CollgCr,192000
1251,3,1,NAmes,160000
1498,3,2,Gilbert,187500
996,2,1,SawyerW,147000
1092,3,1,MeadowV,83500
1953,3,2,Somerst,252000
1709,3,2,Edwards,137500
1247,1,1,Somerst,197000
1040,2,2,NAmes,92900
1252,2,2,Somerst,160000
1694,4,2,SWISU,136500
1200,1,1,NAmes,146000
936,2,1,NAmes,129000
1314,3,2,CollgCr,176432
1355,3,1,IDOTRR,127000
1088,2,1,StoneBr,170000
1324,3,1,BrkSide,128000
1601,3,2,NWAmes,157000
438,1,1,SWISU,60000
950,3,1,NAmes,119500
1134,2,1,NAmes,135000
1194,3,1,NAmes,159500
1302,3,2,BrDale,106000
2622,3,2,NoRidge,325000
1442,3,2,SawyerW,179900
2021,3,2,Gilbert,274725
1690,3,2,Gilbert,181000
1836,3,2,NridgHt,280000
1658,3,2,Gilbert,188000
1964,4,2,NWAmes,205000
816,2,1,NAmes,129900
1008,2,1,NAmes,134500
833,2,1,OldTown,117000
1734,3,2,NridgHt,318000
1419,3,2,Gilbert,184100
894,3,1,Sawyer,130000
1601,3,1,Sawyer,140000
1040,3,1,NAmes,133700
1012,2,1,IDOTRR,118400
1552,3,2,CollgCr,212900
960,3,1,Edwards,112000
698,2,1,Edwards,118000
1482,3,2,Gilbert,163900
1005,2,1,NAmes,115000
1555,2,2,Blmngtn,174000
1530,3,2,Gilbert,259000
1959,4,2,Gilbert,215000
936,2,1,OldTown,140000
1981,4,2,SWISU,135000
974,3,1,Mitchel,93500
2210,5,2,OldTown,117500
2020,3,2,SawyerW,239500
1600,3,2,Gilbert,169000
986,2,1,BrkSide,102000
1252,3,1,NAmes,119000
1020,2,1,Sawyer,94000
1567,2,2,Mitchel,196000
1167,3,1,BrkSide,144000
952,2,1,NAmes,139000
1868,4,2,NWAmes,197500
2828,4,3,CollgCr,424870
1006,3,1,Sawyer,80000
924,2,1,Edwards,80000
1576,3,1,BrkSide,149000
1298,3,2,SawyerW,180000
1564,3,1,Crawfor,174500
1111,2,1,OldTown,116900
1482,3,1,OldTown,143000
932,2,1,NAmes,124000
1466,3,1,Edwards,149900
1811,2,1,Crawfor,230000
816,2,1,IDOTRR,120500
1820,4,1,NAmes,201800
1437,3,2,Veenker,218000
1265,3,2,NAmes,179900
1314,2,2,NridgHt,230000
1580,3,2,Somerst,235128
1876,4,2,NWAmes,185000
1456,3,2,NPkVill,146000
1640,3,1,Crawfor,224000
894,3,1,Sawyer,129000
1258,0,0,Sawyer,108959
1432,2,1,Veenker,194000
1502,3,2,NridgHt,233170
1694,3,2,CollgCr,245350
1671,3,2,Gilbert,173000
2108,4,2,Edwards,235000
3627,4,3,NoRidge,625000
1118,3,1,Mitchel,171000
1261,3,1,NAmes,163000
1250,2,2,Somerst,171900
3086,3,3,ClearCr,200500
2345,4,2,Crawfor,239000
2872,4,2,NoRidge,285000
923,3,1,Mitchel,119500
1224,3,1,OldTown,115000
1343,3,1,Crawfor,154900
1124,3,1,Edwards,93000
2514,4,2,Timber,250000
1652,2,2,Crawfor,392500
4476,4,3,NoRidge,745000
1130,2,1,OldTown,120000
1572,3,1,Timber,186700
1221,4,1,Edwards,104900
1699,3,2,OldTown,95000
1624,2,2,NoRidge,262000
1660,3,2,CollgCr,195000
1804,3,2,Gilbert,189000
1622,3,1,Mitchel,168000
1441,2,2,Somerst,174000
1472,3,1,OldTown,125000
1224,2,2,Mitchel,165000
1352,4,1,Sawyer,158000
1456,3,2,Gilbert,176000
1863,4,2,Gilbert,219210
1690,3,1,OldTown,144000
1212,3,2,CollgCr,178000
1382,3,1,Sawyer,148000
864,3,1,NAmes,116050
1779,3,2,CollgCr,197900
1348,3,1,BrkSide,117000
1630,3,2,CollgCr,213000
1074,3,1,NWAmes,153500
2196,3,2,SawyerW,271900
1056,2,1,SawyerW,107000
1700,3,2,CollgCr,200000
1283,3,1,NAmes,140000
1660,3,2,Somerst,290000
1845,3,2,SawyerW,189000
1752,4,2,Gilbert,164000
672,2,1,Edwards,113000
960,0,0,Sawyer,145000
999,3,1,NAmes,134500
894,3,1,Sawyer,125000
1902,4,2,Sawyer,112000
1314,3,2,Somerst,229456
912,2,1,BrkSide,80500
1218,3,1,BrDale,91500
912,2,1,NAmes,115000
1211,3,1,Sawyer,134000
1846,3,2,NAmes,143000
2136,4,2,NAmes,137900
1490,3,2,Gilbert,184000
1138,3,1,NAmes,145000
1933,4,2,Somerst,214000
912,2,1,NAmes,147000
1702,1,1,NridgHt,367294
1507,4,2,NAmes,127000
2620,4,2,Sawyer,190000
1190,3,1,NAmes,132500
1224,2,2,NAmes,101800
1188,3,1,NAmes,142000
1964,4,1,SWISU,130000
1784,4,1,Crawfor,138887
1626,2,2,NridgHt,175500
1948,4,2,CollgCr,195000
1141,3,1,SawyerW,142500
1484,2,2,Timber,265900
1768,3,2,CollgCr,224900
1689,3,2,Somerst,248328
1173,3,2,NWAmes,170000
2076,2,2,NridgHt,465000
1517,3,1,Crawfor,230000
1868,3,3,NWAmes,178000
1553,3,2,Somerst,186500
1034,3,1,Mitchel,169900
2058,3,1,OldTown,129500
988,3,1,NAmes,119000
2110,3,2,NAmes,244000
1405,2,2,NridgHt,171750
874,3,1,Mitchel,130000
2167,3,2,Veenker,294000
1656,3,2,Edwards,165400
1367,3,1,BrkSide,127500
1987,2,2,NoRidge,301500
864,2,1,Edwards,99900
1166,2,2,Gilbert,190000
1054,3,1,NAmes,151000
1675,3,2,Gilbert,181000
1050,2,1,NAmes,128900
1788,5,1,ClearCr,161500
1824,3,1,BrkSide,180500
1337,2,2,NAmes,181000
1452,3,2,Somerst,183900
1889,4,1,OldTown,122000
2018,3,2,Timber,378500
3447,4,3,Crawfor,381000
1524,3,1,NAmes,144000
1524,0,0,ClearCr,260000
1489,3,2,NWAmes,185750
935,3,1,Sawyer,137000
1357,2,1,Edwards,177000
1250,3,2,Crawfor,139000
1920,4,2,NAmes,137000
1395,3,1,NWAmes,162000
1724,3,1,NWAmes,197900
2031,3,2,CollgCr,237000
1128,2,1,IDOTRR,68400
1573,3,2,CollgCr,227000
1339,2,2,Timber,180000
1040,3,2,CollgCr,150500
1824,4,2,Mitchel,139000
2447,4,2,SWISU,169000
1412,4,1,BrkSide,132500
1328,3,1,NWAmes,143000
1582,4,2,ClearCr,190000
1659,2,2,StoneBr,278000
1970,3,2,NridgHt,281000
1152,3,1,NAmes,180500
1302,3,2,BrDale,119500
2372,4,2,OldTown,107500
1664,4,2,NWAmes,162900
864,2,1,Edwards,115000
1052,3,1,NAmes,138500
1128,3,2,NAmes,155000
1072,2,2,Edwards,140000
5642,3,2,Edwards,160000
1246,3,1,NAmes,154000
1983,3,2,Gilbert,225000
1494,3,1,Crawfor,177500
2526,4,2,NoRidge,290000
1616,3,2,Somerst,232000
1708,3,2,Edwards,130000
1652,2,2,NridgHt,325000
1368,2,2,NridgHt,202500
990,3,1,CollgCr,138000
1122,2,1,OldTown,147000
1294,3,2,SawyerW,179200
1902,3,2,Crawfor,335000
1274,3,2,CollgCr,203000
2810,4,2,NoRidge,302000
2599,4,2,NoRidge,333168
948,3,1,Edwards,119000
2112,4,2,NAmes,206900
1630,3,2,CollgCr,295493
1352,2,2,Somerst,208900
1787,3,2,CollgCr,275000
948,3,1,Edwards,111000
1478,3,1,NAmes,156500
720,2,1,BrkSide,72500
1923,3,2,NoRidge,190000
708,2,1,BrkSide,82500
1795,2,2,Somerst,147000
796,2,1,IDOTRR,55000
774,3,1,Edwards,79000
816,3,1,Mitchel,130500
2792,5,2,OldTown,256000
1632,3,2,Gilbert,176500
1588,3,2,Somerst,227000
954,3,1,CollgCr,132500
816,2,1,Edwards,100000
1360,2,1,IDOTRR,125500
1365,3,1,BrDale,125000
1334,2,2,NWAmes,167900
1656,4,2,NWAmes,135000
693,2,1,OldTown,52500
1861,3,2,CollgCr,200000
864,3,1,CollgCr,128500
872,3,1,NAmes,123000
1114,3,1,SawyerW,155000
2169,3,2,CollgCr,228500
1913,3,1,Crawfor,177000
1456,3,2,CollgCr,155835
960,2,1,OldTown,108500
2156,3,2,NWAmes,262500
1776,3,2,Timber,283463
1494,3,2,SawyerW,215000
2358,4,2,OldTown,122000
2634,6,2,NAmes,200000
1716,4,1,NAmes,171000
1176,2,1,BrkSide,134900
3238,4,2,NoRidge,410000
1865,3,2,CollgCr,235000
1920,4,3,NWAmes,170000
892,3,1,NAmes,110000
1078,3,1,NAmes,149900
1573,3,2,Somerst,177500
1980,3,2,NridgHt,315000
2601,4,3,SWISU,189000
1530,3,2,StoneBr,260000
1738,4,2,NAmes,104900
1412,3,2,Gilbert,156932
1200,2,2,Somerst,144152
1674,3,2,Somerst,216000
1790,3,2,CollgCr,193000
1475,4,2,MeadowV,127000
848,1,1,CollgCr,144000
1668,3,2,CollgCr,232000
1374,2,1,OldTown,105000
1661,3,1,NAmes,165500
2097,3,2,CollgCr,274300
2633,2,2,NoRidge,466500
1958,3,2,Somerst,250000
1571,3,2,Timber,239000
790,2,1,SWISU,91000
1604,3,2,Edwards,117000
987,2,1,BrDale,83000
1394,3,2,Timber,167500
864,2,1,Edwards,58500
2117,4,2,NAmes,237500
1762,4,1,OldTown,157000
1416,3,2,Sawyer,112000
1258,2,1,Edwards,105000
1154,3,1,IDOTRR,125500
2784,5,3,NWAmes,250000
2526,5,2,OldTown,136000
1746,3,2,Gilbert,377500
1218,3,1,BrkSide,131000
1525,3,2,CollgCr,235000
1584,4,2,NAmes,124000
900,3,1,NAmes,123000
1912,3,2,OldTown,163000
1500,2,2,Blmngtn,246578
2482,4,2,Timber,281213
1687,3,1,Timber,160000
1513,4,1,BrkSide,137500
1904,3,1,NAmes,138000
1608,3,2,SWISU,137450
1158,3,1,BrkSide,120000
1593,3,2,Gilbert,193000
1294,2,2,CollgCr,193879
1464,3,2,Somerst,282922
1214,3,1,OldTown,105000
1646,2,2,Crawfor,275000
768,2,1,CollgCr,133000
833,3,1,Mitchel,112000
1363,3,1,OldTown,125500
2093,3,2,NWAmes,215000
1840,3,2,CollgCr,230000
1668,3,1,NAmes,140000
1040,2,2,NAmes,90000
1844,2,2,SawyerW,257000
1848,4,1,BrkSide,207000
1569,1,2,Blmngtn,175900
2290,4,2,OldTown,122500
2450,3,2,NoRidge,340000
1144,3,1,NAmes,124000
1844,3,2,Crawfor,223000
1416,3,2,NWAmes,179900
1069,2,2,NPkVill,127500
848,1,1,CollgCr,136500
2201,4,2,Edwards,274970
1344,2,1,NAmes,144000
1252,3,1,NAmes,142000
2127,3,2,NoRidge,271000
1558,3,1,NAmes,140000
804,2,1,OldTown,119000
1440,3,2,NWAmes,182900
1838,4,2,Gilbert,192140
958,2,2,NPkVill,143750
968,4,2,OldTown,64500
1792,3,2,Gilbert,186500
1126,3,2,Mitchel,160000
1537,3,1,NAmes,174000
864,3,1,NAmes,120500
1932,2,2,NridgHt,394617
1236,2,1,OldTown,149700
1725,3,2,NWAmes,197000
2555,3,2,Crawfor,191000
848,1,1,CollgCr,149300
2007,3,2,Somerst,310000
952,2,1,BrkSide,121000
1422,3,2,CollgCr,179600
913,3,1,Sawyer,129000
1188,3,1,Mitchel,157900
2090,3,2,CollgCr,240000
1346,2,1,Edwards,112000
630,1,1,MeadowV,92000
1792,4,2,NAmes,136000
1578,3,2,Somerst,287090
1072,2,1,Edwards,145000
1140,3,1,Mitchel,84500
1221,2,2,Somerst,185000
1647,3,2,Gilbert,175000
2073,3,2,NWAmes,210000
2340,4,2,Crawfor,266500
1078,2,1,NAmes,142125
1256,3,1,Edwards,147500
